City_ID,City,Country,Lat,Lng,Max Temp,Humidity,Cloudiness,Wind Speed,Current Description
0,Krasnozatonskiy,RU,61.6758,50.9794,8.82,92,20,6.71,few clouds
1,Carutapera,BR,-1.195,-46.02,75.11,93,100,4.0,overcast clouds
2,Valparaiso,CL,-33.0393,-71.6273,66.47,72,0,5.75,clear sky
3,Ciudad Bolivar,VE,8.1222,-63.5497,74.62,78,66,9.6,broken clouds
4,Ushuaia,AR,-54.8,-68.3,44.26,87,0,5.75,clear sky
5,Maniitsoq,GL,65.4167,-52.9,6.71,80,100,19.57,light snow
6,Tamandare,BR,-8.7597,-35.1047,77.58,74,36,6.06,scattered clouds
7,Victoria,HK,22.2855,114.1577,65.25,71,64,1.99,broken clouds
8,Lagoa,PT,39.05,-27.9833,58.35,76,35,19.71,scattered clouds
9,Deputatskiy,RU,69.3,139.9,-29.4,99,25,3.06,scattered clouds
10,Rikitea,PF,-23.1203,-134.9692,78.49,73,13,7.85,few clouds
11,Nikolskoye,RU,59.7035,30.7861,21.87,92,100,13.91,light snow
12,Beringovskiy,RU,63.05,179.3167,-8.84,85,10,12.48,clear sky
13,Busselton,AU,-33.65,115.3333,107.04,38,0,9.4,clear sky
14,Klyuchi,RU,52.2667,79.1667,18.97,77,5,10.78,clear sky
15,Tasiilaq,GL,65.6145,-37.6368,20.7,67,100,39.44,overcast clouds
16,Veraval,IN,20.9,70.3667,73.63,45,9,5.75,clear sky
17,Mataura,NZ,-46.1927,168.8643,56.48,58,52,6.13,broken clouds
18,Acu,BR,-5.5767,-36.9086,75.85,80,54,5.17,broken clouds
19,San Cristobal,VE,7.7669,-72.225,64.09,93,62,3.06,broken clouds
20,Clyde River,CA,70.4692,-68.5914,-21.77,76,0,5.75,clear sky
21,Manali,IN,13.1667,80.2667,87.89,74,99,9.4,overcast clouds
22,Gunnedah,AU,-30.9833,150.25,74.82,37,30,19.71,scattered clouds
23,Albany,US,42.6001,-73.9662,14.95,85,100,5.79,overcast clouds
24,Qaanaaq,GL,77.484,-69.3632,1.0,73,100,6.33,overcast clouds
25,Arraial Do Cabo,BR,-22.9661,-42.0278,75.47,89,86,20.38,overcast clouds
26,Mbandaka,CD,0.0487,18.2603,78.12,55,100,3.24,overcast clouds
27,Pathein,MM,16.7833,94.7333,92.05,38,100,9.33,overcast clouds
28,Lompoc,US,34.6391,-120.4579,56.19,84,0,3.44,clear sky
29,Bambous Virieux,MU,-20.3428,57.7575,83.21,83,75,19.57,light rain
30,Saldanha,ZA,-33.0117,17.9442,66.25,58,12,6.08,few clouds
31,Saint-Philippe,RE,-21.3585,55.7679,89.19,87,100,23.11,moderate rain
32,Jamestown,US,42.097,-79.2353,15.39,51,100,11.5,overcast clouds
33,Sorland,NO,67.667,12.6934,35.44,77,100,32.03,light rain
34,Beyneu,KZ,45.3167,55.2,40.01,85,100,11.54,overcast clouds
35,Iqaluit,CA,63.7506,-68.5145,-20.47,57,100,3.44,overcast clouds
36,Talnakh,RU,69.4865,88.3972,1.2,94,95,3.18,overcast clouds
37,Khatanga,RU,71.9667,102.5,-35.91,100,60,2.46,broken clouds
38,Cape Town,ZA,-33.9258,18.4232,73.11,59,0,4.61,clear sky
39,Atuona,PF,-9.8,-139.0333,78.67,77,12,18.28,few clouds
40,Sisimiut,GL,66.9395,-53.6735,3.63,91,100,15.05,light snow
41,Paamiut,GL,61.994,-49.6678,4.03,89,100,8.34,light snow
42,Vardo,NO,70.3705,31.1107,22.53,90,100,27.45,light snow
43,Port-Gentil,GA,-0.7193,8.7815,76.96,100,75,1.14,broken clouds
44,Cairns,AU,-16.9167,145.7667,82.35,78,100,16.11,overcast clouds
45,Fortuna,US,40.5982,-124.1573,43.66,94,40,0.0,scattered clouds
46,Port Alfred,ZA,-33.5906,26.891,70.18,84,91,13.27,light rain
47,Nexo,DK,55.0607,15.1306,39.29,79,81,25.21,broken clouds
48,Cherskiy,RU,68.75,161.3,-31.86,97,10,3.58,clear sky
49,Bredasdorp,ZA,-34.5322,20.0403,70.29,64,52,17.27,broken clouds
50,Kempele,FI,64.9131,25.5034,23.13,93,100,14.97,light snow
51,Hithadhoo,MV,-0.6,73.0833,82.51,73,100,15.75,overcast clouds
52,Dikson,RU,73.5069,80.5464,-6.47,91,100,7.25,overcast clouds
53,Punta Arenas,CL,-53.15,-70.9167,44.71,70,0,2.3,clear sky
54,Tuktoyaktuk,CA,69.4541,-133.0374,-23.8,69,0,11.5,clear sky
55,Kapaa,US,22.0752,-159.319,73.72,75,100,4.61,overcast clouds
56,Port Hardy,CA,50.6996,-127.4199,45.75,93,100,2.3,light intensity drizzle
57,Merauke,ID,-8.4667,140.3333,84.2,73,100,10.87,overcast clouds
58,Vanavara,RU,60.34,102.2797,14.45,91,100,7.99,light snow
59,Sal Rei,CV,16.1833,-22.9167,68.56,79,0,18.03,clear sky
60,Butaritari,KI,3.0707,172.7902,82.96,78,14,18.19,few clouds
61,Kahului,US,20.8947,-156.47,73.85,89,12,10.0,few clouds
62,Upernavik,GL,72.7868,-56.1549,-1.16,93,100,4.09,overcast clouds
63,Kathu,TH,7.9178,98.3332,96.62,65,59,14.32,broken clouds
64,Taltal,CL,-25.4,-70.4833,66.15,76,0,0.6,clear sky
65,Pevek,RU,69.7008,170.3133,-27.65,99,36,5.32,scattered clouds
66,Fairbanks,US,64.8378,-147.7164,6.1,80,100,0.0,light snow
67,Hilo,US,19.7297,-155.09,71.8,96,30,1.99,scattered clouds
68,Tabuk,PH,17.4189,121.4443,77.02,74,81,11.12,broken clouds
69,Husavik,IS,66.0449,-17.3389,12.11,94,82,8.32,broken clouds
70,Nome,US,64.5011,-165.4064,-8.03,81,0,7.9,clear sky
71,Padang,ID,-0.9492,100.3543,84.25,82,78,3.33,broken clouds
72,Faya,SA,18.3851,42.4509,60.91,55,8,8.46,clear sky
73,Mirnyy,RU,62.5353,113.9611,-5.62,95,81,4.09,broken clouds
74,Berlevag,NO,70.8578,29.0864,21.11,82,100,27.02,overcast clouds
75,Suntar,RU,62.1444,117.6319,0.01,94,100,4.32,overcast clouds
76,Dunmore Town,BS,25.5,-76.65,74.8,60,0,10.07,clear sky
77,Itacare,BR,-14.2775,-38.9967,75.06,89,100,2.75,overcast clouds
78,East London,ZA,-33.0153,27.9116,67.14,94,100,2.3,light intensity drizzle
79,Tuatapere,NZ,-46.1333,167.6833,56.82,64,26,7.29,scattered clouds
80,Ilulissat,GL,69.2167,-51.1,1.62,85,100,7.83,overcast clouds
81,Muros,ES,42.7762,-9.0603,50.23,82,4,13.96,clear sky
82,Vaini,TO,-21.2,-175.2,77.16,94,100,9.22,light rain
83,Pemangkat,ID,1.1667,108.9667,81.27,83,100,13.35,overcast clouds
84,Utica,US,43.1009,-75.2327,12.72,98,100,3.44,overcast clouds
85,Port-De-Bouc,FR,43.4,4.9833,51.82,71,0,17.27,clear sky
86,Bethel,US,41.3712,-73.414,26.47,85,100,8.68,overcast clouds
87,Nador,MA,35.174,-2.9287,61.05,55,0,8.05,clear sky
88,Olafsvik,IS,64.8945,-23.7142,28.71,61,100,29.55,overcast clouds
89,Mount Isa,AU,-20.7333,139.5,92.97,18,5,8.05,clear sky
90,Ilembo,TZ,-9.25,33.3833,57.58,90,100,4.97,overcast clouds
91,Tefe,BR,-3.3542,-64.7114,71.58,100,100,1.79,moderate rain
92,Barrow,US,71.2906,-156.7887,-11.29,99,100,6.73,overcast clouds
93,Ilave,PE,-16.0833,-69.6667,41.5,77,100,5.21,overcast clouds
94,Ilebo,CD,-4.3167,20.5833,74.32,88,100,0.94,overcast clouds
95,Atbasar,KZ,51.8,68.3333,14.4,79,98,8.79,overcast clouds
96,Avarua,CK,-21.2078,-159.775,78.85,83,20,8.05,few clouds
97,Souillac,MU,-20.5167,57.5167,83.35,83,75,19.57,light rain
98,Whitehorse,CA,60.7161,-135.0538,0.81,77,75,15.01,broken clouds
99,Cabo San Lucas,MX,22.8909,-109.9124,62.94,70,17,3.4,few clouds
100,Carnarvon,AU,-24.8667,113.6333,93.27,43,52,16.11,broken clouds
101,Norman Wells,CA,65.282,-126.8329,-10.26,95,100,5.08,overcast clouds
102,Oga,IT,46.4631,10.347,23.68,96,94,6.42,overcast clouds
103,Northam,GB,51.0333,-4.2167,46.26,80,75,14.67,broken clouds
104,Dunedin,NZ,-45.8742,170.5036,56.8,61,62,4.0,broken clouds
105,Taree,AU,-31.9,152.4667,73.33,64,75,16.11,broken clouds
106,Ponta Do Sol,PT,32.6667,-17.1,63.23,66,7,5.97,clear sky
107,Salalah,OM,17.0151,54.0924,76.57,61,0,6.06,clear sky
108,Golspie,GB,57.9727,-3.978,42.55,89,100,14.81,moderate rain
109,Komsomolskiy,UZ,40.4272,71.7189,44.02,33,0,2.3,clear sky
110,Port Elizabeth,ZA,-33.918,25.5701,71.1,83,100,8.05,overcast clouds
111,Moroni,KM,-11.7022,43.2551,82.4,78,75,4.61,light rain
112,New Norfolk,AU,-42.7826,147.0587,68.9,49,100,1.99,overcast clouds
113,Airai,TL,-8.9266,125.4092,68.04,82,100,3.36,overcast clouds
114,Ust-Kuyga,RU,70.0167,135.6,-38.43,99,100,4.07,overcast clouds
115,Torbat-E Jam,IR,35.244,60.6225,60.48,28,14,16.33,few clouds
116,Mwinilunga,ZM,-11.7358,24.4293,64.4,90,100,6.17,overcast clouds
117,Aurangabad,IN,19.8833,75.3333,75.29,35,97,2.3,haze
118,Mahebourg,MU,-20.4081,57.7,83.25,83,75,19.57,broken clouds
119,Haines Junction,CA,60.7522,-137.5108,-13.05,77,100,1.14,overcast clouds
120,Korla,CN,41.7597,86.1469,30.43,32,100,8.25,overcast clouds
121,Gigmoto,PH,13.7796,124.39,79.11,77,98,16.91,overcast clouds
122,Njombe,TZ,-9.3333,34.7667,59.47,87,100,6.76,overcast clouds
123,Pandan,PH,14.0453,124.1694,78.44,78,100,18.03,light rain
124,Aljezur,PT,37.3191,-8.8033,48.72,86,65,7.78,broken clouds
125,Chuy,UY,-33.6971,-53.4616,67.46,96,100,3.62,light rain
126,Salinas,US,36.6777,-121.6555,54.19,65,0,8.05,clear sky
127,Tres Lagoas,BR,-20.7511,-51.6783,72.28,93,100,4.29,overcast clouds
128,Hermanus,ZA,-34.4187,19.2345,72.9,63,2,21.12,clear sky
129,Alushta,UA,44.6667,34.4167,35.51,83,92,0.87,overcast clouds
130,Provideniya,RU,64.3833,-173.3,0.7,72,0,10.0,clear sky
131,Svetlogorsk,BY,52.6333,29.7333,21.96,95,100,12.73,light snow
132,Faanui,PF,-16.4833,-151.75,80.94,73,82,14.65,light rain
133,Tiznit,MA,29.5833,-9.5,61.39,30,100,2.84,overcast clouds
134,Gizo,SB,-8.103,156.8419,85.12,71,82,7.87,broken clouds
135,Castro,BR,-24.7911,-50.0119,65.43,98,100,4.65,overcast clouds
136,Porbandar,IN,21.6422,69.6093,76.98,47,0,4.61,clear sky
137,Wieliczka,PL,49.9874,20.0647,39.94,71,85,11.99,overcast clouds
138,La Rioja,ES,42.25,-2.5,37.18,93,99,4.94,overcast clouds
139,Ahipara,NZ,-35.1667,173.1667,71.29,97,100,10.18,light rain
140,Richards Bay,ZA,-28.783,32.0377,71.74,88,100,11.14,light rain
141,Port Lincoln,AU,-34.7333,135.8667,75.04,49,4,11.56,clear sky
142,Ayan,RU,56.45,138.1667,-0.89,69,100,14.9,overcast clouds
143,Henties Bay,NA,-22.116,14.2845,66.85,80,39,4.85,scattered clouds
144,Impfondo,CG,1.6381,18.0667,77.76,29,100,3.22,overcast clouds
145,Longyearbyen,SJ,78.2186,15.6401,12.04,57,20,24.16,few clouds
146,Beeville,US,28.4008,-97.7483,35.15,74,0,4.61,clear sky
147,Nemuro,JP,43.3236,145.575,25.23,62,100,15.99,overcast clouds
148,Ixtapa,MX,20.7,-105.2,64.36,78,0,1.83,clear sky
149,Kerman,IR,30.2832,57.0788,58.86,38,75,0.0,broken clouds
150,Hasaki,JP,35.7333,140.8333,45.28,30,99,15.14,overcast clouds
151,Sao Joao Da Barra,BR,-21.6403,-41.0511,74.59,91,96,13.13,overcast clouds
152,Hualmay,PE,-11.0964,-77.6139,69.46,85,100,7.63,overcast clouds
153,Bintulu,MY,3.1667,113.0333,90.01,70,20,6.91,few clouds
154,Shizunai,JP,42.3339,142.3669,27.86,59,23,10.04,few clouds
155,Boma,GH,7.0805,-2.1697,68.56,89,7,1.34,clear sky
156,Dalby,AU,-27.1833,151.2667,77.7,39,71,19.48,broken clouds
157,Puerto Ayora,EC,-0.7393,-90.3518,75.54,93,46,1.99,scattered clouds
158,Barguzin,RU,53.6167,109.6167,11.5,89,100,2.55,overcast clouds
159,Itarema,BR,-2.9248,-39.9167,76.82,87,51,8.46,broken clouds
160,Jacksonville,US,30.3322,-81.6556,63.09,89,100,1.01,overcast clouds
161,Ipixuna,BR,-1.7625,-48.8043,75.15,99,100,3.36,light rain
162,Lyubim,RU,58.3625,40.6843,6.01,96,96,3.36,overcast clouds
163,Te Anau,NZ,-45.4167,167.7167,57.76,58,1,6.62,clear sky
164,Codrington,AU,-38.2667,141.9667,67.82,63,100,22.82,overcast clouds
165,Lazaro Cardenas,MX,17.9583,-102.2,69.58,87,0,4.61,clear sky
166,Viedma,AR,-40.8135,-62.9967,59.95,71,100,18.81,overcast clouds
167,Floro,NO,61.5996,5.0328,35.96,80,40,16.11,scattered clouds
168,Ambilobe,MG,-13.2,49.05,79.54,87,100,13.91,light rain
169,Akdepe,TM,42.0551,59.3788,42.89,44,100,4.63,overcast clouds
170,Srednekolymsk,RU,67.45,153.6833,-34.71,100,71,1.52,broken clouds
171,Yibin,CN,28.7667,104.6238,47.43,79,100,2.51,overcast clouds
172,Oum Hadjer,TD,13.2954,19.6966,64.8,22,1,14.76,clear sky
173,Little Elm,US,33.1626,-96.9375,26.58,84,5,4.97,clear sky
174,Kargasok,RU,59.0556,80.8572,24.48,93,100,10.58,light snow
175,Hobart,AU,-42.8794,147.3294,69.26,65,75,9.22,broken clouds
176,Severo-Kurilsk,RU,50.6789,156.125,29.34,90,100,10.96,light snow
177,Kodinsk,RU,58.6881,99.1844,21.9,93,100,7.72,light snow
178,Taoudenni,ML,22.6783,-3.9836,60.58,16,100,9.73,overcast clouds
179,Murwara,IN,23.85,80.4,72.72,18,0,9.01,clear sky
180,Guerrero Negro,MX,27.9769,-114.0611,57.51,37,0,1.81,clear sky
181,Bengkulu,ID,-3.8004,102.2655,80.4,76,100,6.51,overcast clouds
182,Yellowknife,CA,62.456,-114.3525,-25.58,81,100,5.75,overcast clouds
183,Kavieng,PG,-2.5744,150.7967,83.66,71,92,8.21,overcast clouds
184,Chokurdakh,RU,70.6333,147.9167,-31.77,100,57,2.06,broken clouds
185,Colquechaca,BO,-18.6667,-66.0167,32.86,84,86,4.25,overcast clouds
186,Shizuishan,CN,39.2333,106.7694,24.94,24,100,4.83,overcast clouds
187,Kodiak,US,57.79,-152.4072,37.96,86,86,16.62,overcast clouds
188,Riyadh,SA,24.6877,46.7219,60.85,31,0,16.11,clear sky
189,Klaksvik,FO,62.2266,-6.589,34.72,72,100,14.0,overcast clouds
190,Kamaishi,JP,39.2667,141.8833,31.15,54,40,13.73,scattered clouds
191,Inuvik,CA,68.3499,-133.7218,-22.79,76,0,3.44,clear sky
192,Rexburg,US,43.826,-111.7897,13.28,98,100,2.39,overcast clouds
193,Leningradskiy,RU,69.3833,178.4167,-19.73,95,37,6.87,scattered clouds
194,Kulhudhuffushi,MV,6.6221,73.07,81.52,64,9,9.31,clear sky
195,Buchanan,LR,5.8808,-10.0467,75.16,91,7,4.9,light rain
196,Luderitz,NA,-26.6481,15.1594,69.22,71,49,5.91,scattered clouds
197,Del Gallego,PH,13.9223,122.5954,80.35,69,64,12.28,broken clouds
198,Kaeo,NZ,-35.1,173.7833,73.33,96,100,8.14,overcast clouds
199,Djambala,CG,-2.5447,14.7533,71.44,82,100,1.72,overcast clouds
200,Pundaguitan,PH,6.3711,126.1689,81.5,77,3,16.46,clear sky
201,Berdigestyakh,RU,62.0989,126.6992,-11.69,97,94,1.43,overcast clouds
202,Bichura,RU,50.5881,107.6022,15.53,79,84,4.65,broken clouds
203,Bluff,NZ,-46.6,168.3333,56.8,59,70,6.13,broken clouds
204,Shimoni,KE,-4.6476,39.3817,81.46,76,100,14.36,overcast clouds
205,Bay Roberts,CA,47.5999,-53.2648,35.35,98,100,2.73,snow
206,Mount Gambier,AU,-37.8333,140.7667,76.91,47,66,19.57,broken clouds
207,San Cosme Y Damian,PY,-27.3167,-56.35,77.18,94,100,5.88,overcast clouds
208,Aniva,RU,46.7144,142.5294,21.31,79,100,14.83,overcast clouds
209,Luwingu,ZM,-10.2621,29.9271,65.17,87,100,4.41,overcast clouds
210,Xining,CN,36.6167,101.7667,20.44,57,100,7.4,overcast clouds
211,Los Llanos De Aridane,ES,28.6585,-17.9182,57.13,69,0,10.0,clear sky
212,Ca Mau,VN,9.1769,105.15,92.88,38,94,18.97,overcast clouds
213,Pychas,RU,56.5033,52.4409,26.06,95,100,5.44,overcast clouds
214,Aklavik,CA,68.2191,-135.0107,-22.97,93,6,16.2,clear sky
215,Vestmannaeyjar,IS,63.4427,-20.2734,32.13,89,100,28.36,heavy snow
216,Raahe,FI,64.6833,24.4833,23.2,90,100,17.76,overcast clouds
217,Oudtshoorn,ZA,-33.5907,22.2014,64.76,59,0,4.97,clear sky
218,Misawa,JP,40.6836,141.3597,30.16,47,40,17.27,scattered clouds
219,Biltine,TD,14.5333,20.9167,62.15,19,6,20.69,clear sky
220,Rawson,AR,-43.3002,-65.1023,57.22,60,80,15.5,broken clouds
221,Rio Grande,BR,-32.035,-52.0986,73.51,92,100,6.53,overcast clouds
222,Mar Del Plata,AR,-38.0023,-57.5575,64.09,86,100,13.0,moderate rain
223,Tiksi,RU,71.6872,128.8694,-20.92,98,100,6.96,overcast clouds
224,Naze,JP,28.3667,129.4833,54.52,56,68,19.69,broken clouds
225,Jacareacanga,BR,-6.2222,-57.7528,72.63,99,100,2.15,overcast clouds
226,Kota Kinabalu,MY,5.9749,116.0724,87.78,70,20,8.05,few clouds
227,Kaitangata,NZ,-46.2817,169.8464,55.92,64,29,5.61,scattered clouds
228,Oranjemund,NA,-28.55,16.4333,65.89,79,84,6.82,broken clouds
229,Vammala,FI,61.3333,22.9,31.44,99,100,4.9,light snow
230,Obreja,RO,45.4833,22.25,38.39,82,100,2.33,overcast clouds
231,Rajgarh,IN,28.6333,75.3833,63.21,35,0,2.82,clear sky
232,Geraldton,AU,-28.7667,114.6,104.41,11,0,16.11,clear sky
233,Beloha,MG,-25.1667,45.05,88.09,52,100,19.71,overcast clouds
234,Queanbeyan,AU,-35.35,149.2333,71.19,62,40,17.27,scattered clouds
235,Kargil,IN,34.5667,76.1,-3.98,86,77,2.3,broken clouds
236,Yabelo,ET,4.8833,38.0833,72.95,18,98,7.7,overcast clouds
237,Puerto Escondido,MX,15.85,-97.0667,74.89,65,0,5.26,clear sky
238,Usinsk,RU,65.9939,57.5281,-8.82,100,79,3.04,broken clouds
239,Kamiiso,JP,41.8167,140.65,25.61,77,73,13.56,broken clouds
240,Chumikan,RU,54.7183,135.315,3.69,78,100,13.67,overcast clouds
241,Thunder Bay,CA,48.4001,-89.3168,-2.43,97,9,4.68,clear sky
242,Constitucion,CL,-35.3333,-72.4167,58.53,78,3,8.81,clear sky
243,Hofn,IS,64.2539,-15.2082,26.89,64,100,12.1,light snow
244,Djenne,ML,13.9061,-4.5533,64.54,13,0,9.66,clear sky
245,Narsaq,GL,60.9167,-46.05,5.22,50,0,16.75,clear sky
246,Georgetown,MY,5.4112,100.3354,89.55,69,40,1.01,scattered clouds
247,Dukat,RU,62.55,155.55,-14.85,68,5,9.24,clear sky
248,Hovd,MN,48.0056,91.6419,-1.55,83,2,4.12,clear sky
249,Dezhou,CN,37.4486,116.2925,39.27,18,21,7.02,few clouds
250,Kemin,KG,42.7846,75.6892,37.63,42,0,11.01,clear sky
251,Qui Nhon,VN,13.7667,109.2333,75.18,84,100,19.46,overcast clouds
252,Basco,PH,20.4487,121.9702,72.72,75,84,25.43,broken clouds
253,Lebu,CL,-37.6167,-73.65,56.3,90,3,16.91,clear sky
254,Saskylakh,RU,71.9167,114.0833,-12.14,99,99,4.92,overcast clouds
255,Esperance,AU,-33.8667,121.9,96.64,50,0,22.41,clear sky
256,Kazanskaya,RU,45.4106,40.4361,30.25,91,94,12.71,overcast clouds
257,Alofi,NU,-19.0595,-169.9187,79.34,83,100,23.24,light rain
258,Jiangyou,CN,31.7667,104.7167,40.89,95,100,2.77,light rain
259,Vila Franca Do Campo,PT,37.7167,-25.4333,59.2,83,100,10.07,overcast clouds
260,Mayumba,GA,-3.432,10.6554,77.43,80,100,4.54,overcast clouds
261,Colon,PA,9.3592,-79.9014,77.02,85,48,10.94,scattered clouds
262,Autazes,BR,-3.5797,-59.1306,70.88,99,100,2.62,overcast clouds
263,Ballina,AU,-28.8667,153.5667,73.44,66,95,20.69,overcast clouds
264,Batagay-Alyta,RU,67.8006,130.4114,-23.31,97,62,1.92,broken clouds
265,Alice Springs,AU,-23.7,133.8833,81.95,24,0,8.05,clear sky
266,Toamasina,MG,-18.1667,49.3833,84.04,62,100,11.16,overcast clouds
267,Dalian,CN,38.9122,121.6022,28.33,40,0,17.9,clear sky
268,Paris,FR,48.8534,2.3488,39.15,93,0,1.99,clear sky
269,Teguise,ES,29.0605,-13.564,61.02,59,0,9.22,clear sky
270,Marsh Harbour,BS,26.5412,-77.0636,72.59,63,0,7.23,clear sky
271,Ribeira Grande,PT,38.5167,-28.7,59.31,75,25,5.26,scattered clouds
272,Loubomo,CG,-4.1997,12.6739,73.18,90,90,2.82,overcast clouds
273,Yamada,JP,39.4667,141.95,31.68,47,44,11.45,scattered clouds
274,Diapaga,BF,12.0708,1.7889,64.08,14,0,9.62,clear sky
275,Coos Bay,US,43.3665,-124.2179,47.23,99,100,0.0,haze
276,Shadegan,IR,30.6497,48.6647,62.64,40,0,16.02,clear sky
277,Jha Jha,IN,24.7667,86.3667,67.66,48,4,13.11,clear sky
278,Kushima,JP,31.4583,131.2333,44.11,57,67,16.11,broken clouds
279,Namibe,AO,-15.1961,12.1522,73.76,56,78,3.27,broken clouds
280,Wiarton,CA,44.7407,-81.1332,6.4,88,100,7.18,overcast clouds
281,San Vicente,AR,-26.6167,-54.1333,67.69,100,100,0.94,light rain
282,Roebourne,AU,-20.7833,117.1333,89.85,63,67,17.83,broken clouds
283,Nouadhibou,MR,20.931,-17.0347,66.18,37,0,9.22,clear sky
284,Iquitos,PE,-3.7481,-73.2472,71.08,98,100,1.52,overcast clouds
285,Yulara,AU,-25.2406,130.9889,86.65,15,0,10.02,clear sky
286,Christchurch,NZ,-43.5333,172.6333,55.9,91,100,3.44,light rain
287,Lorengau,PG,-2.0226,147.2712,83.43,71,100,9.55,overcast clouds
288,Broken Hill,AU,-31.95,141.4333,82.49,24,95,17.4,overcast clouds
289,Praya,CV,14.9215,-23.5087,68.54,77,0,18.41,clear sky
290,Cedar City,US,37.6775,-113.0619,22.39,57,1,2.33,clear sky
291,Kirensk,RU,57.7853,108.1119,16.03,90,100,9.42,overcast clouds
292,Brae,GB,60.3964,-1.353,40.91,63,100,18.54,overcast clouds
293,Shenjiamen,CN,29.9576,122.298,42.67,64,8,18.57,clear sky
294,Ushtobe,KZ,45.2514,77.9838,26.76,70,2,8.86,clear sky
295,Birobidzhan,RU,48.8,132.95,4.46,88,100,5.03,overcast clouds
296,Ruteng,ID,-8.6136,120.4721,70.48,81,99,2.82,overcast clouds
297,Torbay,CA,47.6666,-52.7314,34.57,99,100,5.75,light rain
298,Mao,ES,39.8885,4.2658,48.76,93,20,4.61,few clouds
299,Baft,IR,29.234,56.6057,53.56,43,63,22.26,broken clouds
300,Tehachapi,US,35.1322,-118.449,44.46,33,0,3.0,clear sky
301,Syracuse,IT,37.0881,15.2792,53.89,68,55,3.38,broken clouds
302,Huaihua,CN,27.5494,109.9592,51.26,50,27,4.79,scattered clouds
303,Santa Isabel Do Rio Negro,BR,-0.4139,-65.0192,72.68,99,100,2.13,moderate rain
304,Polis,CY,35.0367,32.4264,53.29,88,1,8.63,clear sky
305,Balabac,PH,7.9868,117.0645,79.81,84,100,20.38,heavy intensity rain
306,Podor,MR,16.6527,-14.9587,70.38,10,0,9.31,clear sky
307,Tianpeng,CN,30.9866,103.9393,45.61,74,100,4.14,overcast clouds
308,Hambantota,LK,6.1241,81.1185,89.94,62,20,4.61,few clouds
309,Port Hedland,AU,-20.3167,118.5667,91.45,66,40,20.71,scattered clouds
310,Santarem,BR,-2.4431,-54.7083,75.33,94,75,3.44,thunderstorm
311,Laela,TZ,-8.5667,32.05,60.62,94,100,3.15,overcast clouds
312,Poopo,BO,-18.3667,-66.9667,42.17,84,62,1.95,broken clouds
313,Coquimbo,CL,-29.9533,-71.3436,65.84,81,0,3.2,clear sky
314,Ancud,CL,-41.8697,-73.8203,51.22,91,5,1.95,clear sky
315,Sitka,US,57.0531,-135.33,42.69,81,100,9.22,light rain
316,Garowe,SO,8.4054,48.4845,77.63,23,6,9.06,clear sky
317,Ewa Beach,US,21.3156,-158.0072,72.99,74,0,4.0,clear sky
318,Mizdah,LY,31.4451,12.9801,47.68,34,6,8.21,clear sky
319,Jumla,NP,29.2747,82.1838,44.87,40,3,6.13,clear sky
320,Atar,MR,20.5169,-13.0499,66.16,12,100,6.13,overcast clouds
321,Cartagena,CO,10.3997,-75.5144,76.98,83,8,19.3,clear sky
322,Phetchaburi,TH,12.9667,99.5833,81.0,60,100,4.76,overcast clouds
323,Cayenne,GF,4.9333,-52.3333,80.1,86,75,5.01,moderate rain
324,Beaune,FR,47.0833,4.75,31.62,91,14,2.71,few clouds
325,Poum,NC,-20.2333,164.0167,81.34,72,94,10.69,overcast clouds
326,Sulina,RO,45.1559,29.6536,37.47,75,77,7.52,broken clouds
327,Raudeberg,NO,61.9875,5.1352,37.2,78,99,8.99,overcast clouds
328,Vostok,RU,46.4856,135.8833,-0.96,91,100,5.79,overcast clouds
329,Areka,ET,7.0667,37.7,74.66,18,10,3.4,clear sky
330,Thompson,CA,55.7435,-97.8558,-36.4,100,25,0.98,scattered clouds
331,Bam,IR,29.106,58.357,77.47,17,0,11.88,clear sky
332,Bosaso,SO,11.2842,49.1816,81.21,37,2,2.21,clear sky
333,Necochea,AR,-38.5473,-58.7368,64.04,81,100,9.8,light rain
334,Port Augusta,AU,-32.5,137.7667,92.71,21,1,15.12,clear sky
335,Kindu,CD,-2.95,25.95,72.72,89,98,3.83,overcast clouds
336,Poso,ID,-1.3959,120.7524,84.22,71,100,4.63,overcast clouds
337,Santa Maria,BR,-29.6842,-53.8069,72.21,92,100,3.42,overcast clouds
338,Asau,RO,46.4333,26.4,25.72,62,100,6.33,overcast clouds
339,Tautira,PF,-17.7333,-149.15,80.01,69,8,15.28,clear sky
340,Hami,CN,42.8,93.45,32.59,21,100,7.07,overcast clouds
341,Flinders,AU,-34.5833,150.8552,72.05,68,81,8.01,broken clouds
342,Villa De Reyes,MX,21.8,-100.9333,37.67,85,100,7.0,overcast clouds
343,Bubaque,GW,11.2833,-15.8333,77.63,56,0,9.51,clear sky
344,Singaraja,ID,-8.112,115.0882,86.97,80,100,4.81,overcast clouds
345,Pontian Kecil,MY,1.4801,103.3899,87.84,67,100,6.73,overcast clouds
346,Victor Harbor,AU,-35.5667,138.6167,86.79,73,99,4.0,overcast clouds
347,Somers Point,US,39.3176,-74.5946,30.94,86,100,13.0,overcast clouds
348,Fez,MA,34.0372,-4.9998,44.85,56,0,4.61,clear sky
349,Bilma,NE,18.6853,12.9164,56.03,25,0,4.52,clear sky
350,Yanliang,CN,34.6592,109.2292,41.23,26,100,12.82,overcast clouds
351,Kirakira,SB,-10.4544,161.9205,83.19,80,100,7.07,overcast clouds
352,Shingu,JP,33.7333,135.9833,41.92,49,6,14.83,clear sky
353,Garissa,KE,-0.4536,39.6401,84.4,47,100,6.87,overcast clouds
354,Prince Rupert,CA,54.3161,-130.3201,40.44,93,100,5.57,overcast clouds
355,Shangrao,CN,28.4532,117.9686,50.43,58,38,7.9,scattered clouds
356,Cleves,DE,51.7833,6.15,39.09,90,91,13.67,overcast clouds
357,Nelson Bay,AU,-32.7167,152.15,73.45,71,85,4.0,light rain
358,Destin,US,30.3935,-86.4958,37.06,91,100,18.41,overcast clouds
359,Havre-Saint-Pierre,CA,50.2334,-63.5986,0.79,71,100,14.07,overcast clouds
360,Sao Felix Do Xingu,BR,-6.6447,-51.995,70.43,97,100,0.43,overcast clouds
361,Formosa,AR,-26.1775,-58.1781,75.18,94,100,0.0,moderate rain
362,Tabou,CI,4.423,-7.3528,77.0,87,100,0.54,light rain
363,Kalnciems,LV,56.8011,23.6097,33.85,98,100,11.21,snow
364,Leh,IN,34.1667,77.5833,4.17,82,65,1.86,broken clouds
365,Rio Gallegos,AR,-51.6226,-69.2181,50.05,66,0,19.57,clear sky
366,Sarakhs,IR,36.5449,61.1577,72.19,16,0,20.56,clear sky
367,Linxia,CN,35.6003,103.2064,22.8,76,100,7.25,light snow
368,Bathsheba,BB,13.2167,-59.5167,72.21,73,40,9.22,scattered clouds
369,Naifaru,MV,5.4444,73.3657,81.64,67,11,9.26,few clouds
370,South Sioux City,US,42.4739,-96.4136,9.75,49,0,5.01,clear sky
371,Sao Filipe,CV,14.8961,-24.4956,72.72,68,0,9.15,clear sky
372,Vyskov,CZ,49.2775,16.999,39.69,68,84,1.99,broken clouds
373,Gap,FR,44.6667,6.0,26.06,85,97,8.93,overcast clouds
374,Baiyin,CN,36.5583,104.2081,18.84,77,100,11.36,light snow
375,Waingapu,ID,-9.6567,120.2641,86.97,66,98,14.2,overcast clouds
376,Shelbyville,US,35.4834,-86.4603,27.12,72,75,4.0,broken clouds
377,Konevo,RU,62.1215,39.3192,-0.11,100,100,6.33,overcast clouds
378,Nivala,FI,63.9167,24.9667,22.68,95,100,11.18,light snow
379,Mount Darwin,ZW,-16.7725,31.5838,70.7,85,100,0.76,overcast clouds
380,Pitrufquen,CL,-38.9833,-72.65,51.82,100,100,3.44,overcast clouds
381,Half Moon Bay,US,37.4636,-122.4286,55.31,65,1,0.0,clear sky
382,Benalla,AU,-36.55,145.9833,84.15,26,9,6.38,clear sky
383,Mayo,US,38.8876,-76.5119,34.21,78,75,4.0,broken clouds
384,Halifax,CA,44.6453,-63.5724,29.48,95,100,4.0,light snow
385,Claresholm,CA,50.0333,-113.5852,36.63,52,100,25.28,overcast clouds
386,Turan,VN,16.0678,108.2208,71.58,78,75,5.75,broken clouds
387,Progreso,MX,21.2833,-89.6667,75.31,86,14,17.54,few clouds
388,Qasigiannguit,GL,68.8193,-51.1922,8.85,84,100,4.81,overcast clouds
389,Campos Gerais,BR,-21.235,-45.7586,65.16,96,100,2.73,overcast clouds
390,Bud,US,39.447,-86.1758,19.42,77,100,13.76,overcast clouds
391,Jalu,LY,29.0331,21.5482,50.83,71,0,3.38,clear sky
392,Andrews,US,32.3187,-102.5457,26.08,58,0,6.91,clear sky
393,Tura,IN,25.5198,90.2201,60.22,81,70,6.08,broken clouds
394,Parkes,AU,-33.1333,148.1833,77.36,32,86,1.99,overcast clouds
395,Bayji,IQ,34.9311,43.487,51.26,69,100,10.27,overcast clouds
396,Nauta,PE,-4.5061,-73.5757,71.19,98,100,0.92,overcast clouds
397,Kaputa,ZM,-8.4689,29.6619,69.53,82,100,0.69,overcast clouds
398,Tolaga Bay,NZ,-38.3667,178.3,69.58,80,100,7.4,overcast clouds
399,Duldurga,RU,50.6761,113.5931,15.04,72,65,12.44,broken clouds
400,Abu Samrah,SY,35.3029,37.1841,48.25,71,1,14.18,clear sky
401,Mathathane,BW,-22.2687,28.7495,74.48,68,100,15.43,light rain
402,Santa Cruz Del Sur,CU,20.7147,-77.9956,70.79,77,0,13.49,light rain
403,Kautokeino,NO,69.0125,23.0412,16.99,93,95,16.33,overcast clouds
404,Inhambane,MZ,-23.865,35.3833,82.47,67,32,14.05,light rain
405,Akureyri,IS,65.6835,-18.0878,10.22,99,100,1.52,overcast clouds
406,Krasnouralsk,RU,58.3638,60.0407,21.56,93,100,6.78,overcast clouds
407,Shelburne,CA,44.0787,-80.2041,3.27,88,100,8.01,overcast clouds
408,Acapulco,MX,16.8634,-99.8901,73.22,88,0,2.3,clear sky
409,Lasa,IT,46.6166,10.7002,29.3,90,54,7.54,broken clouds
410,Kurilsk,RU,45.2333,147.8833,22.8,81,100,14.94,light snow
411,Almaznyy,RU,48.0448,40.045,26.74,89,100,12.1,overcast clouds
412,Itoman,JP,26.1247,127.6694,61.18,55,40,21.85,scattered clouds
413,Chegdomyn,RU,51.1167,133.0167,1.94,90,100,2.42,overcast clouds
414,Ajaccio,FR,42.0,8.9167,44.76,87,0,8.05,clear sky
415,Chatham,GB,51.3789,0.5279,38.86,80,70,5.99,broken clouds
416,Latung,PH,5.5,120.8833,80.96,79,100,12.75,moderate rain
417,Tabas,IR,33.5959,56.9244,59.45,42,99,4.23,overcast clouds
418,Jishou,CN,28.3167,109.7167,50.05,51,12,8.25,few clouds
419,Neuquen,AR,-38.9516,-68.0591,60.4,55,91,12.91,overcast clouds
420,Palmer,US,42.1584,-72.3287,26.47,80,100,3.0,overcast clouds
421,Fuyang,CN,32.9,115.8167,44.82,28,75,8.86,broken clouds
422,Malanje,AO,-9.5402,16.341,65.37,90,83,4.03,broken clouds
423,Caucasia,CO,7.9865,-75.1935,73.69,94,32,5.55,scattered clouds
424,Manuk Mangkaw,PH,4.8,119.85,80.11,81,100,16.53,heavy intensity rain
425,Dingle,PH,10.9995,122.6711,81.12,75,68,17.13,broken clouds
426,Bitung,ID,1.4451,125.1824,88.65,72,56,11.74,broken clouds
427,Stade,DE,53.6,9.4833,37.98,94,11,15.26,few clouds
428,Sakakah,SA,29.9697,40.2064,49.64,63,100,16.6,overcast clouds
429,Miri,MY,4.4148,114.0089,82.67,76,100,7.63,light rain
430,Gamba,GA,-2.65,10.0,76.98,81,100,4.68,overcast clouds
431,Saint George,US,37.1041,-113.5841,37.8,39,0,1.01,clear sky
432,Layou,VC,13.2,-61.2667,74.68,72,13,11.9,few clouds
433,Zhigalovo,RU,54.8097,105.1578,19.04,85,100,3.65,overcast clouds
434,Cabuyaro,CO,4.2817,-72.794,79.79,57,100,3.38,overcast clouds
435,Kaspiysk,RU,42.8816,47.6392,35.78,93,75,21.99,broken clouds
436,Phalaborwa,ZA,-23.943,31.1411,78.06,54,100,15.05,overcast clouds
437,Santa Rosa,PH,14.3122,121.1114,87.1,65,94,18.9,overcast clouds
438,Bundaberg,AU,-24.85,152.35,77.76,59,42,19.55,scattered clouds
439,Chara,RU,56.9064,118.2631,-4.38,92,93,1.25,overcast clouds
440,Asfi,MA,32.2994,-9.2372,61.97,57,99,12.15,overcast clouds
441,Ouesso,CG,1.6136,16.0517,78.49,39,48,1.45,scattered clouds
442,Villa Carlos Paz,AR,-31.4241,-64.4978,64.38,41,1,1.99,clear sky
443,Mackenzie,CA,55.2999,-123.1698,32.34,84,41,5.82,scattered clouds
444,Venice,US,27.0998,-82.4543,70.14,97,0,5.75,mist
445,San Patricio,US,28.017,-97.5169,37.83,78,6,9.42,clear sky
446,Uvalde,US,29.3669,-99.767,30.58,46,0,0.0,clear sky
447,Safranbolu,TR,41.2508,32.6942,28.13,73,47,2.84,scattered clouds
448,Nanortalik,GL,60.1432,-45.2371,12.97,60,58,39.17,broken clouds
449,Lamballe,FR,48.4676,-2.5144,41.36,90,7,8.03,clear sky
450,Portland,US,45.5234,-122.6762,49.28,92,75,4.0,broken clouds
451,Clovis,US,36.8252,-119.7029,52.03,55,0,3.44,clear sky
452,Plettenberg Bay,ZA,-34.0527,23.3716,69.66,62,1,7.74,clear sky
453,Moron,AR,-34.6534,-58.6198,71.96,81,75,20.71,moderate rain
454,Dod Ballapur,IN,13.2919,77.5431,84.42,30,44,6.67,scattered clouds
455,Marystown,CA,47.1666,-55.1483,39.85,100,100,11.83,overcast clouds
456,Saint Anthony,US,45.0205,-93.218,-1.17,74,40,1.99,scattered clouds
457,Sao Sebastiao,BR,-23.76,-45.4097,76.77,89,100,4.21,overcast clouds
458,Champerico,GT,14.3,-91.9167,77.04,71,0,2.01,clear sky
459,Asahikawa,JP,43.7678,142.3703,22.89,90,100,2.66,light snow
460,Burgersdorp,ZA,-30.9977,26.3286,66.72,61,0,4.41,clear sky
461,Rio Pardo De Minas,BR,-15.6097,-42.5397,66.06,97,100,2.8,overcast clouds
462,Touros,BR,-5.1989,-35.4608,74.3,74,5,10.67,clear sky
463,Ostrovnoy,RU,68.0531,39.5131,15.42,83,100,28.45,overcast clouds
464,Cockburn Town,TC,21.4612,-71.1419,75.63,73,0,17.69,clear sky
465,Kantang,TH,7.4054,99.5156,90.57,47,62,13.13,broken clouds
466,Jiazi,CN,22.8779,116.067,59.94,67,100,13.51,overcast clouds
467,Darhan,MN,49.4867,105.9228,8.37,79,11,6.35,few clouds
468,Oktyabrskoye,RU,43.0645,44.7417,28.54,92,100,6.71,light snow
469,Paso De Los Toros,UY,-32.8167,-56.5167,68.52,92,100,5.03,overcast clouds
470,Awjilah,LY,29.1081,21.2869,51.01,72,0,3.22,clear sky
471,Turukhansk,RU,65.8167,87.9833,13.15,95,100,11.14,light snow
472,Lopez,PH,13.8844,122.2642,82.04,63,75,12.33,broken clouds
473,Edinet,MD,48.1681,27.305,31.42,65,100,4.9,overcast clouds
474,Raton,US,36.9034,-104.4391,26.58,73,0,6.91,clear sky
475,Sept-Iles,CA,50.2001,-66.3821,-0.94,65,100,4.0,overcast clouds
476,Senador Jose Porfirio,BR,-2.5908,-51.9542,72.86,97,100,3.31,moderate rain
477,Solnechnyy,RU,50.7214,136.6319,7.02,94,100,1.07,overcast clouds
478,El Dorado,US,38.7666,-120.5177,44.62,61,99,3.0,overcast clouds
479,Praia Da Vitoria,PT,38.7333,-27.0667,56.75,93,99,17.47,overcast clouds
480,Ucluelet,CA,48.9329,-125.5528,46.09,91,29,5.01,scattered clouds
481,Villaviciosa,ES,43.4813,-5.4357,48.99,99,100,3.0,overcast clouds
482,Feldkirchen An Der Donau,AT,48.3452,14.0513,38.59,73,75,19.57,broken clouds
483,Betong,TH,5.7743,101.0723,84.61,54,100,5.53,overcast clouds
484,Evensk,RU,61.95,159.2333,16.02,41,7,19.3,clear sky
485,Vallenar,CL,-28.5708,-70.7581,66.0,60,0,1.14,clear sky
486,Cidreira,BR,-30.1811,-50.2056,72.3,93,18,4.76,few clouds
487,Ossora,RU,59.2353,163.0719,8.33,89,100,10.18,overcast clouds
488,Jaragua,BR,-15.7569,-49.3344,68.0,92,84,2.46,broken clouds
489,Eureka,US,40.8021,-124.1637,43.99,81,100,3.18,overcast clouds
490,Atambua,ID,-9.1061,124.8925,81.73,69,83,4.65,broken clouds
491,Alibag,IN,18.6411,72.8792,82.47,51,21,5.55,few clouds
492,Maceio,BR,-9.6658,-35.7353,74.64,88,40,3.44,scattered clouds
493,Arshan,RU,46.2732,44.22,32.45,92,75,11.18,light shower snow
494,Monticello,US,45.3055,-93.7941,-1.14,77,100,4.61,overcast clouds
495,Dennery,LC,13.8996,-60.8879,77.09,69,20,10.36,few clouds
496,Farafangana,MG,-22.8167,47.8333,78.19,90,100,22.5,moderate rain
497,Vao,NC,-22.6667,167.4833,80.37,85,99,7.27,light rain
498,Myitkyina,MM,25.3833,97.4,73.11,44,100,1.88,overcast clouds
499,Kamakhyanagar,IN,20.9333,85.55,77.02,21,0,8.79,clear sky
500,Afrikanda,RU,67.4429,32.7828,12.33,91,100,15.05,light snow
501,Paltinis,RO,48.2167,26.65,39.45,68,100,3.49,overcast clouds
502,Coihaique,CL,-45.5752,-72.0662,51.75,82,0,4.61,clear sky
503,Ndjole,GA,-0.1783,10.7649,75.45,94,99,0.69,overcast clouds
504,Aykhal,RU,66.0,111.5,-16.06,100,79,5.99,broken clouds
505,Chapada Dos Guimaraes,BR,-15.4606,-55.7497,69.46,90,95,3.71,overcast clouds
506,Visby,SE,57.6409,18.296,35.82,87,75,17.27,broken clouds
507,Pimenta Bueno,BR,-11.6725,-61.1936,70.93,98,100,1.97,overcast clouds
508,Severo-Yeniseyskiy,RU,60.3725,93.0408,18.21,92,100,10.02,overcast clouds
509,Nantucket,US,41.2835,-70.0995,32.14,93,100,20.58,light snow
510,Westport,US,41.1415,-73.3579,28.33,83,100,3.0,overcast clouds
511,Oranjestad,AW,12.524,-70.027,78.46,76,11,16.13,few clouds
512,Irbeyskoye,RU,55.6428,95.4522,26.29,80,100,11.63,overcast clouds
513,Whitewater,US,42.8336,-88.7323,7.97,94,76,9.28,broken clouds
514,Bhaderwah,IN,32.9784,75.7186,44.47,74,0,0.74,clear sky
515,Jiwani,PK,25.05,61.7417,73.72,56,0,11.5,clear sky
516,Russell,US,32.3502,-85.1999,36.12,85,100,9.6,overcast clouds
517,Dutlwe,BW,-23.9833,23.9,75.87,60,3,12.39,clear sky
518,Guilin,CN,25.2819,110.2864,56.25,49,0,5.68,clear sky
519,Shache,CN,38.4167,77.2406,30.7,30,86,2.68,overcast clouds
520,Havelock,US,34.8791,-76.9013,60.78,94,100,5.01,heavy intensity rain
521,Takhtamygda,RU,54.1,123.5667,11.17,60,30,8.77,scattered clouds
522,Bat Yam,IL,32.0231,34.7503,55.51,86,75,10.36,broken clouds
523,Ketchikan,US,55.3422,-131.6461,43.27,75,100,0.0,overcast clouds
524,Oktyabrskiy,RU,54.4815,53.471,27.21,89,100,5.53,overcast clouds
525,Fort Nelson,CA,58.8053,-122.7002,-6.99,94,100,1.52,overcast clouds
526,Manitouwadge,CA,49.1215,-85.8403,-13.23,100,89,1.36,overcast clouds
527,Valday,RU,57.9747,33.2525,11.17,94,100,9.89,overcast clouds
528,Chabahar,IR,25.2919,60.643,73.44,58,4,8.84,clear sky
529,Uyemskiy,RU,64.4743,40.8524,1.06,84,40,6.71,scattered clouds
530,Enumclaw,US,47.2043,-121.9915,45.55,89,91,5.99,overcast clouds
531,Anito,PH,12.4497,125.2886,81.23,71,38,14.81,scattered clouds
532,Bahia Blanca,AR,-38.7196,-62.2724,63.03,82,100,17.47,overcast clouds
533,Lethem,GY,3.3803,-59.7968,74.62,83,98,9.04,overcast clouds
534,Paratinga,BR,-12.6906,-43.1842,71.15,69,90,3.33,overcast clouds
535,Galveston,US,29.3669,-94.9669,34.21,81,19,8.99,few clouds
536,Mozarlandia,BR,-14.7447,-50.5706,71.83,91,92,1.95,overcast clouds
537,Partsa,RU,54.3653,42.8617,17.44,93,99,8.01,overcast clouds
538,Rock Sound,BS,24.9,-76.2,75.49,59,0,13.78,clear sky
539,Eyl,SO,7.9803,49.8164,82.11,43,3,14.61,clear sky
540,Pierre,US,44.3683,-100.351,14.86,52,0,5.01,clear sky
541,Kattivakkam,IN,13.2167,80.3167,86.09,74,99,8.43,overcast clouds
542,Nisia Floresta,BR,-6.0911,-35.2086,74.21,82,12,5.86,few clouds
543,San Juan De Abajo,MX,20.8167,-105.1833,64.78,80,0,2.19,clear sky
544,Dauphin,CA,51.1494,-100.0502,-5.66,84,100,12.66,overcast clouds
545,Raga,SS,8.4596,25.678,71.06,15,100,10.63,overcast clouds
546,Ocos,GT,14.5094,-92.1933,77.0,76,0,4.41,clear sky
547,Wanning,CN,18.8003,110.3967,67.6,83,100,12.84,overcast clouds
548,Luxor,EG,25.6989,32.6421,54.61,48,0,6.55,clear sky
549,Loandjili,CG,-4.7561,11.8578,78.44,79,99,4.34,overcast clouds
550,Turochak,RU,52.2576,87.1224,22.87,66,8,1.77,clear sky
551,Muriwai Beach,NZ,-36.8167,174.45,74.35,86,92,11.05,overcast clouds
552,Camocim,BR,-2.9022,-40.8411,75.61,91,67,7.27,broken clouds
553,Xique-Xique,BR,-10.8218,-42.7263,74.77,69,100,8.7,overcast clouds
554,Belaya Gora,RU,68.5333,146.4167,-36.58,100,71,0.56,broken clouds
555,Forest Lake,US,45.2789,-92.9852,-1.07,80,54,3.33,broken clouds
556,Auki,SB,-8.7676,160.7034,82.42,79,9,6.96,clear sky
557,Harper,LR,4.375,-7.7169,77.38,86,100,2.35,light rain
558,Cabatuan,PH,10.8794,122.486,81.57,72,96,17.36,overcast clouds
559,Mackay,AU,-21.15,149.2,84.69,69,38,20.74,scattered clouds
560,Katobu,ID,-4.9408,122.5276,90.5,52,52,3.15,broken clouds
561,Pisco,PE,-13.7,-76.2167,66.25,82,0,4.61,clear sky
562,Pudem,RU,58.3044,52.1675,21.65,92,100,9.04,overcast clouds
563,Mareeba,AU,-17.0,145.4333,77.43,85,100,2.64,overcast clouds
564,Novikovo,RU,51.1537,37.8879,10.62,95,47,5.7,scattered clouds
565,Tadine,NC,-21.55,167.8833,81.01,89,100,10.8,overcast clouds
566,Kangaatsiaq,GL,68.3065,-53.4641,1.09,87,98,8.61,overcast clouds
567,Yar-Sale,RU,66.8333,70.8333,-3.55,100,54,6.22,broken clouds
568,Tandil,AR,-37.3217,-59.1332,56.55,92,100,9.82,overcast clouds
569,Ladario,BR,-19.0047,-57.6017,73.9,90,16,0.83,few clouds
570,Doha,QA,25.2867,51.5333,76.98,29,0,6.91,clear sky
571,Korfovskiy,RU,48.2183,135.0564,0.86,91,100,3.69,overcast clouds
572,Campbellton,CA,48.0075,-66.6727,7.25,97,100,0.83,light snow
573,Danilov,RU,58.1908,40.1717,5.43,98,97,3.13,light snow
574,Faro,PT,37.0194,-7.9322,51.58,82,0,6.91,clear sky
575,Malkangiri,IN,18.35,81.9,84.51,14,63,2.93,broken clouds
576,San Juan Del Sur,NI,11.2529,-85.8705,76.75,80,14,20.76,few clouds
577,Hit,IQ,33.6416,42.8251,54.21,54,7,11.01,clear sky
578,Sabha,LY,27.0377,14.4283,48.85,35,0,6.26,clear sky
579,Beni,CD,0.5,29.4667,77.45,48,100,1.05,overcast clouds
580,Natal,BR,-5.795,-35.2094,74.05,94,20,3.44,few clouds
581,Broome,US,42.2506,-75.833,16.7,82,100,1.99,mist
582,Urengoy,RU,65.9667,78.3667,8.08,95,98,10.92,overcast clouds
583,Sinnamary,GF,5.3833,-52.95,75.83,89,47,8.84,scattered clouds
584,Deyang,CN,31.1302,104.382,43.99,85,100,4.07,overcast clouds
585,Kayes,ML,14.0,-11.0,70.47,14,0,4.09,clear sky
586,Mildura,AU,-34.2,142.15,86.07,27,33,14.41,scattered clouds
587,Cururupu,BR,-1.8283,-44.8683,73.4,97,100,3.24,overcast clouds
588,Saint-Pierre,RE,-21.3393,55.4781,89.28,55,100,4.61,overcast clouds
589,Laguna,US,38.421,-121.4238,52.77,79,0,0.0,clear sky
590,Playas,EC,-2.6333,-80.3833,74.84,85,99,7.02,light rain
591,Lavrentiya,RU,65.5833,-171.0,-10.77,91,4,8.16,clear sky
592,Nortelandia,BR,-14.4547,-56.8028,71.24,95,71,2.86,broken clouds
593,Maua,BR,-23.6678,-46.4614,71.37,92,90,5.77,overcast clouds
594,Greenville,US,35.6127,-77.3663,51.73,96,100,9.22,overcast clouds
595,Mecca,SA,21.4267,39.8261,64.62,32,0,13.47,clear sky
596,Namatanai,PG,-3.6667,152.4333,83.32,70,72,8.59,broken clouds
597,Lodja,CD,-3.4833,23.4333,76.75,69,61,3.06,broken clouds
598,Lotoshino,RU,56.2267,35.6414,13.89,96,100,5.19,overcast clouds
599,Palmerston,AU,-12.486,130.9833,87.93,73,40,13.8,scattered clouds
600,Nuuk,GL,64.1835,-51.7216,7.41,85,100,9.22,light snow
601,Griffith,US,41.5284,-87.4237,14.2,78,40,1.01,scattered clouds
602,Ribeira Brava,PT,32.65,-17.0667,63.23,64,8,6.33,clear sky
603,Tymovskoye,RU,50.8456,142.655,7.5,94,100,8.46,light snow
604,Yumen,CN,40.2833,97.2,22.23,27,100,18.63,overcast clouds
605,Krasnovishersk,RU,60.4078,57.082,18.66,94,100,3.91,light snow
606,Barcelos,PT,41.5388,-8.6151,49.28,87,88,5.14,overcast clouds
607,Kurchum,KZ,48.5722,83.6542,5.41,81,4,2.17,clear sky
608,Tomigusuku,JP,26.185,127.675,60.93,55,40,21.85,scattered clouds
609,Vaitape,PF,-16.5167,-151.75,80.89,73,84,14.72,light rain
610,Yerbogachen,RU,61.2767,108.0108,5.9,94,100,6.49,overcast clouds
611,Bandarbeyla,SO,9.4942,50.8122,78.96,56,0,9.22,clear sky
612,Rafaela,AR,-31.2503,-61.4867,65.98,68,0,1.99,clear sky
613,Quatre Cocos,MU,-20.2078,57.7625,82.09,83,100,18.54,light rain
614,Blacksburg,US,37.2296,-80.4139,29.66,79,75,6.91,broken clouds
615,Ponta Delgada,PT,37.7333,-25.6667,59.5,82,20,10.36,few clouds
616,Vila Velha,BR,-20.3297,-40.2925,75.15,96,75,5.01,broken clouds
617,Honiara,SB,-9.4333,159.95,83.44,79,54,6.44,broken clouds
618,Silvassa,IN,20.2667,73.0167,83.75,22,15,2.68,few clouds
619,Scarborough,GB,54.2797,-0.4044,41.07,83,100,10.0,overcast clouds
620,Abu Dhabi,AE,24.4667,54.3667,77.11,45,0,3.0,clear sky
621,Quelimane,MZ,-17.8786,36.8883,84.56,60,44,7.4,scattered clouds
622,Herouville-Saint-Clair,FR,49.2109,-0.3065,45.59,93,0,9.22,clear sky
623,Nouakchott,MR,18.0858,-15.9785,68.38,31,0,9.91,clear sky
624,Zunyi,CN,27.6867,106.9072,41.85,66,100,10.22,overcast clouds
625,Qurayyat,SA,31.3318,37.3428,51.98,62,5,18.57,clear sky
626,Chongwe,ZM,-15.3292,28.682,65.59,96,100,2.04,light rain
627,Saint-Louis,SN,16.3333,-15.0,69.89,10,0,9.33,clear sky
628,Gemena,CD,3.25,19.7667,77.7,26,100,3.4,overcast clouds
629,Adrar,MR,20.5022,-10.0711,59.85,14,99,9.22,overcast clouds
630,Collie,AU,-33.3667,116.15,103.62,9,0,13.56,clear sky
631,Hervey Bay,AU,-25.2986,152.8535,82.04,69,1,25.12,clear sky
632,Monchique,PT,37.3177,-8.5553,46.76,91,56,5.28,broken clouds
633,Puerto Leguizamo,CO,-0.1934,-74.7819,70.54,99,100,0.56,overcast clouds
634,Vung Tau,VN,10.346,107.0843,82.27,69,100,21.88,overcast clouds
635,Najran,SA,17.4924,44.1277,75.63,37,0,1.45,clear sky
636,Luzilandia,BR,-3.4578,-42.3703,72.66,98,100,2.59,moderate rain
637,Tomatlan,MX,19.9333,-105.25,63.21,76,0,2.08,clear sky
638,Tezu,IN,27.9167,96.1667,62.98,78,100,1.21,overcast clouds
639,Trat,TH,12.5,102.5,92.91,38,47,13.44,scattered clouds
640,Urucurituba,BR,-2.6833,-57.6667,71.11,94,94,2.24,overcast clouds
641,Sundsvall,SE,62.3913,17.3063,12.16,92,11,3.44,few clouds
642,Isangel,VU,-19.55,169.2667,78.26,88,100,10.07,overcast clouds
643,Banyo,CM,6.75,11.8167,68.65,24,24,2.77,few clouds
644,Jeremoabo,BR,-10.075,-38.4808,68.5,98,32,4.85,scattered clouds
645,Anloga,GH,5.7947,0.8973,79.38,82,4,1.36,light rain
646,Mercedes,AR,-34.6515,-59.4307,68.85,97,71,9.48,broken clouds
647,Nynashamn,SE,58.9034,17.9479,33.15,85,89,12.86,overcast clouds
648,Mpophomeni,ZA,-29.5682,30.1862,59.31,98,100,2.89,light rain
649,Samarai,PG,-10.6167,150.6667,84.54,73,100,11.25,overcast clouds
650,Arawa,PG,-6.2132,155.5367,83.44,82,73,6.24,broken clouds
651,Port-Cartier,CA,50.0334,-66.8654,-1.25,85,100,7.49,overcast clouds
652,Longjiang,CN,47.3303,123.1836,11.64,66,48,5.57,scattered clouds
653,Nong Khai,TH,17.9167,103.0833,79.38,35,98,5.64,overcast clouds
654,Pacasmayo,PE,-7.4006,-79.5714,69.96,84,96,7.81,overcast clouds
655,Sumkino,RU,58.1108,68.3244,24.6,88,100,6.58,overcast clouds
656,Takaungu,KE,-3.6837,39.8566,82.74,69,100,6.4,overcast clouds
657,Tulsipur,NP,28.131,82.2973,62.06,57,27,5.75,scattered clouds
658,Marienburg,PL,54.0359,19.0266,39.11,77,100,18.43,overcast clouds
659,Uige,AO,-7.6087,15.0613,69.76,82,18,0.58,few clouds
660,Kruisfontein,ZA,-34.0033,24.7314,68.88,66,52,12.86,broken clouds
661,Sun Valley,US,39.5963,-119.776,40.93,55,40,1.01,scattered clouds
662,Mabaruma,GY,8.2,-59.7833,73.22,88,77,1.99,broken clouds
663,Boguchany,RU,58.3814,97.4531,23.43,94,100,8.25,light snow
664,Ullapool,GB,57.8987,-5.1604,43.36,98,100,23.87,heavy intensity rain
665,Niigata,JP,37.9022,139.0236,33.75,64,75,24.16,broken clouds
666,Novita,CO,4.9551,-76.6053,72.32,98,96,1.74,light rain
667,Karratha,AU,-20.7377,116.8463,91.94,58,51,17.9,broken clouds
668,Sioux Lookout,CA,50.1001,-91.917,-18.83,100,100,2.93,overcast clouds
669,At-Bashi,KG,41.1702,75.8106,12.7,60,1,0.92,clear sky
670,Severnyy,RU,50.677,36.5532,19.44,93,100,8.95,overcast clouds
671,Hede,CN,33.7681,120.2517,37.72,26,25,14.5,scattered clouds
672,Finschhafen,PG,-6.6024,147.8681,86.18,74,61,13.62,broken clouds
673,Kamenka,RU,51.3223,42.7678,18.75,95,90,8.93,overcast clouds
674,Birao,CF,10.2849,22.7882,71.02,15,14,15.52,few clouds
675,Qingdao,CN,36.0986,120.3719,34.3,32,88,16.93,overcast clouds
676,Hermiston,US,45.8404,-119.2895,49.64,75,4,17.43,clear sky
677,Dukuhturi,ID,-6.9,109.0833,80.98,82,96,8.57,overcast clouds
678,Rusera,IN,25.75,86.0333,68.02,52,7,9.06,clear sky
679,Ewo,CG,-0.8725,14.8206,76.84,71,100,1.34,overcast clouds
680,Eydhafushi,MV,5.1033,73.0708,81.64,68,12,9.15,few clouds
681,Caravelas,BR,-17.7125,-39.2481,75.78,83,100,5.55,overcast clouds
682,Andenes,NO,69.3143,16.1194,28.38,69,92,17.27,overcast clouds
683,Deniliquin,AU,-35.5333,144.9667,81.0,20,12,11.54,few clouds
684,Ayagoz,KZ,47.9714,80.4392,13.82,77,1,7.7,clear sky
685,Minsk,BY,53.9,27.5667,22.75,96,100,12.66,light snow
686,Meulaboh,ID,4.1363,96.1285,85.53,63,75,7.85,broken clouds
687,Presidencia Roque Saenz Pena,AR,-26.7852,-60.4388,70.38,95,99,3.67,overcast clouds
688,Mfou,CM,3.7159,11.6427,70.2,68,87,1.63,overcast clouds
689,Santa Maria Da Boa Vista,BR,-8.8078,-39.8256,73.99,73,22,11.95,few clouds
690,Sao Joao De Pirabas,BR,-0.7747,-47.1772,75.47,91,100,3.71,overcast clouds
